{
    "round_accs": [
        0.9165228009223938,
        0.9479579925537109,
        0.9478512406349182
    ],
    "round_losses": [
        0.18275362253189087,
        0.13153964281082153,
        0.12715618312358856
    ],
    "avg_val_accs": [
        0.9661639523506165,
        0.973735340833664,
        0.9757687497138977
    ],
    "avg_val_losses": [
        0.09063266528828536,
        0.0671049422188662,
        0.0587431261871825
    ],
    "training_time": 152.64
}