{
    "accuracy": [
        0.9146156311035156,
        0.9432779550552368,
        0.9552438855171204,
        0.958960235118866,
        0.9606525897979736,
        0.9616530537605286,
        0.9629999995231628,
        0.9646303653717041,
        0.9683740139007568,
        0.9759947061538696
    ],
    "loss": [
        0.18404771387577057,
        0.1275635063648224,
        0.10899633914232254,
        0.0998365730047226,
        0.09494780749082565,
        0.09244989603757858,
        0.08938553929328918,
        0.0856006070971489,
        0.0782303512096405,
        0.06429895758628845
    ],
    "val_accuracy": [
        0.9156906604766846,
        0.9260251522064209,
        0.9308501482009888,
        0.929733157157898,
        0.9284061789512634,
        0.9313246607780457,
        0.9299514889717102,
        0.9296323657035828,
        0.931736171245575,
        0.9319251775741577
    ],
    "val_loss": [
        0.41414675116539,
        0.4051892161369324,
        0.4175920784473419,
        0.38806429505348206,
        0.39089110493659973,
        0.3656720519065857,
        0.37574341893196106,
        0.40610066056251526,
        0.3802624046802521,
        0.35780400037765503
    ],
    "training_time": 33.62
}