{
    "0": {
        "precision": 0.9383647798742139,
        "recall": 0.9726205997392438,
        "f1-score": 0.9551856594110115,
        "support": 3068.0
    },
    "1": {
        "precision": 0.9035486806187443,
        "recall": 1.0,
        "f1-score": 0.9493307839388145,
        "support": 993.0
    },
    "2": {
        "precision": 0.9554997717937015,
        "recall": 0.9541932543299909,
        "f1-score": 0.9548460661345496,
        "support": 4388.0
    },
    "3": {
        "precision": 0.9986650437787113,
        "recall": 0.9977933604668269,
        "f1-score": 0.9982290118278462,
        "support": 101965.0
    },
    "4": {
        "precision": 0.9946033459255261,
        "recall": 0.9326923076923077,
        "f1-score": 0.9626534343170541,
        "support": 1976.0
    },
    "accuracy": 0.9942788504315331,
    "macro avg": {
        "precision": 0.9581363243981794,
        "recall": 0.9714599044456739,
        "f1-score": 0.9640489911258552,
        "support": 112390.0
    },
    "weighted avg": {
        "precision": 0.9944219003788984,
        "recall": 0.9942788504315331,
        "f1-score": 0.9943027314437181,
        "support": 112390.0
    }
}