{
    "0": {
        "precision": 0.9212198221092758,
        "recall": 0.9734810339039947,
        "f1-score": 0.9466296719438551,
        "support": 2979.0
    },
    "1": {
        "precision": 0.8999098286744815,
        "recall": 0.998998998998999,
        "f1-score": 0.9468690702087287,
        "support": 999.0
    },
    "2": {
        "precision": 0.9425714950011626,
        "recall": 0.9430100023261223,
        "f1-score": 0.9427906976744186,
        "support": 4299.0
    },
    "3": {
        "precision": 0.9984700332473544,
        "recall": 0.9970912011282613,
        "f1-score": 0.9977801408360979,
        "support": 102104.0
    },
    "4": {
        "precision": 0.9903691813804173,
        "recall": 0.9213539074166252,
        "f1-score": 0.9546157813305828,
        "support": 2009.0
    },
    "accuracy": 0.9930598807723107,
    "macro avg": {
        "precision": 0.9505080720825383,
        "recall": 0.9667870287548004,
        "f1-score": 0.9577370723987366,
        "support": 112390.0
    },
    "weighted avg": {
        "precision": 0.9932634094314483,
        "recall": 0.9930598807723107,
        "f1-score": 0.9930968574409083,
        "support": 112390.0
    }
}