{
    "0": {
        "precision": 0.9736691471093303,
        "recall": 0.9833317275267367,
        "f1-score": 0.9784765830976463,
        "support": 10379.0
    },
    "1": {
        "precision": 0.9983023903913334,
        "recall": 0.9972944094264344,
        "f1-score": 0.997798145342023,
        "support": 102011.0
    },
    "accuracy": 0.9960049826497019,
    "macro avg": {
        "precision": 0.9859857687503318,
        "recall": 0.9903130684765855,
        "f1-score": 0.9881373642198347,
        "support": 112390.0
    },
    "weighted avg": {
        "precision": 0.9960275578259458,
        "recall": 0.9960049826497019,
        "f1-score": 0.9960138362884207,
        "support": 112390.0
    }
}