{
    "0": {
        "precision": 0.7533261416756563,
        "recall": 0.6844168572361973,
        "f1-score": 0.7172201300924341,
        "support": 3061.0
    },
    "1": {
        "precision": 1.0,
        "recall": 0.002982107355864811,
        "f1-score": 0.005946481665014866,
        "support": 1006.0
    },
    "2": {
        "precision": 0.768033946251768,
        "recall": 0.24415467625899281,
        "f1-score": 0.3705220061412487,
        "support": 4448.0
    },
    "3": {
        "precision": 0.9738713237058005,
        "recall": 0.9965241639337824,
        "f1-score": 0.9850675285473719,
        "support": 101846.0
    },
    "4": {
        "precision": 0.44153884837817453,
        "recall": 0.8654509610645639,
        "f1-score": 0.5847485847485847,
        "support": 2029.0
    },
    "accuracy": 0.9469881662069579,
    "macro avg": {
        "precision": 0.7873540520022798,
        "recall": 0.5587057531698802,
        "f1-score": 0.5327009462389309,
        "support": 112390.0
    },
    "weighted avg": {
        "precision": 0.9503419118257613,
        "recall": 0.9469881662069579,
        "f1-score": 0.9374598919207646,
        "support": 112390.0
    }
}