{
    "0": {
        "precision": 0.6486413774549368,
        "recall": 0.8172881355932203,
        "f1-score": 0.7232638368081596,
        "support": 2950.0
    },
    "1": {
        "precision": 1.0,
        "recall": 0.007172131147540984,
        "f1-score": 0.014242115971515769,
        "support": 976.0
    },
    "2": {
        "precision": 0.7201187824795843,
        "recall": 0.2236053480866759,
        "f1-score": 0.3412489006156552,
        "support": 4338.0
    },
    "3": {
        "precision": 0.9757263876111623,
        "recall": 0.9964085099720118,
        "f1-score": 0.98595900028082,
        "support": 102186.0
    },
    "4": {
        "precision": 0.579036063363667,
        "recall": 0.8855670103092783,
        "f1-score": 0.7002241695536988,
        "support": 1940.0
    },
    "accuracy": 0.9513746774624077,
    "macro avg": {
        "precision": 0.78470452218187,
        "recall": 0.5860082270217455,
        "f1-score": 0.5529876046459699,
        "support": 112390.0
    },
    "weighted avg": {
        "precision": 0.9506386150836218,
        "recall": 0.9513746774624077,
        "f1-score": 0.9408088588510813,
        "support": 112390.0
    }
}