{
    "0": {
        "precision": 0.951276102088167,
        "recall": 0.751132966927008,
        "f1-score": 0.8394396551724138,
        "support": 10371.0
    },
    "1": {
        "precision": 0.9752305640061036,
        "recall": 0.9960889638204649,
        "f1-score": 0.9855494132479876,
        "support": 102019.0
    },
    "accuracy": 0.9734851855147255,
    "macro avg": {
        "precision": 0.9632533330471353,
        "recall": 0.8736109653737365,
        "f1-score": 0.9124945342102007,
        "support": 112390.0
    },
    "weighted avg": {
        "precision": 0.9730201206877398,
        "recall": 0.9734851855147255,
        "f1-score": 0.972066858741343,
        "support": 112390.0
    }
}