{
    "0": {
        "precision": 0.9935398061941858,
        "recall": 0.9948630136986302,
        "f1-score": 0.9942009696739234,
        "support": 10512.0
    },
    "1": {
        "precision": 0.9994698814105081,
        "recall": 0.9993325349928346,
        "f1-score": 0.9994012034828361,
        "support": 101878.0
    },
    "accuracy": 0.9989144941720793,
    "macro avg": {
        "precision": 0.9965048438023469,
        "recall": 0.9970977743457323,
        "f1-score": 0.9968010865783797,
        "support": 112390.0
    },
    "weighted avg": {
        "precision": 0.9989152328592671,
        "recall": 0.9989144941720793,
        "f1-score": 0.9989148180588724,
        "support": 112390.0
    }
}