{
    "0": {
        "precision": 0.996407576747224,
        "recall": 0.9986906710310965,
        "f1-score": 0.9975478175576263,
        "support": 3055.0
    },
    "1": {
        "precision": 0.9795520934761441,
        "recall": 0.9990069513406157,
        "f1-score": 0.9891838741396264,
        "support": 1007.0
    },
    "2": {
        "precision": 0.9952851369555455,
        "recall": 0.9964036862216228,
        "f1-score": 0.9958440974952263,
        "support": 4449.0
    },
    "3": {
        "precision": 0.999607415913396,
        "recall": 0.9993524015110632,
        "f1-score": 0.9994798924456831,
        "support": 101915.0
    },
    "4": {
        "precision": 0.9862104187946884,
        "recall": 0.9831975560081466,
        "f1-score": 0.9847016828148903,
        "support": 1964.0
    },
    "accuracy": 0.9989322893495862,
    "macro avg": {
        "precision": 0.9914125283773995,
        "recall": 0.995330253222509,
        "f1-score": 0.9933514728906105,
        "support": 112390.0
    },
    "weighted avg": {
        "precision": 0.9989355346092623,
        "recall": 0.9989322893495862,
        "f1-score": 0.9989329520180056,
        "support": 112390.0
    }
}